{
    "$schema": "./mfdevice.schema.json",
    "Info": {
      "Label": "Airspeed Indicator ESP32-S3",
      "Type": "Airspeed_Indicator",
      "Author": "Save Sabanal",
      "URL": "https://github.com/savesabanal01",
      "Version" : "1.0.0"
    },
    "Config": {
      "Pins": [
        "Pin 1",
        "Pin 2",
        "Pin 3"
      ],
      "isI2C": false
    },
    "MessageTypes": [
      {
        "id": 0,
        "label": "Show Airspeed Value",
        "description": "$ will be displayed as Airspeed value"
      },
      {
        "id": 1,
        "label": "Show Instrument Brightness",
        "description": "$ will be displayed as Instrument Brightnessvalue"
      }
      ,
      {
        "id": 100,
        "label": "Set Screen Rotation",
        "description": "0 = Portrait, 1 = Landscape, 2 = Portrait (flipped), 3 = Landscape (flipped)"
      }
    ]
  }
  